{"cameraMode":{"drawMode":0,"name":"Shaded","section":"Shading Mode"},"sceneLighting":true,"audioPlay":false,"sceneViewState":{"m_AlwaysRefresh":false,"showFog":true,"showSkybox":true,"showFlares":true,"showImageEffects":true,"showParticleSystems":true,"showVisualEffectGraphs":true,"m_FxEnabled":true},"in2DMode":false,"pivot":{"x":-0.07976579666137696,"y":-0.09550917148590088,"z":3.6612632274627687},"rotation":{"x":-0.11638856679201126,"y":0.6960400938987732,"z":-0.11589951068162918,"w":-0.6989710330963135},"size":2.121156692504883,"orthographic":false}